subject,correct,total,accuracy,generation_seconds,sample_seconds
Accounting,20,30,0.6666666666666666,6681.077415899675,13437.836609701
Agriculture,14,30,0.4666666666666667,131.31909797994103,313.7787195219953
Architecture_and_Engineering,14,30,0.4666666666666667,11378.46835959889,22776.057191562002
Art,19,30,0.6333333333333333,1099.9369360090404,2239.913117526008
Art_Theory,26,30,0.8666666666666667,1075.2208523504723,2211.104111149005
Basic_Medical_Science,22,30,0.7333333333333333,241.01052117091967,488.2087342519917
Biology,16,30,0.5333333333333333,748.2602935945379,1513.85434408101
Chemistry,11,30,0.36666666666666664,3679.9548800037483,7388.53817386799
Clinical_Medicine,22,30,0.7333333333333333,3180.486698989711,6386.078166041996
Computer_Science,19,30,0.6333333333333333,3920.6446897572005,7872.617220868997
Design,23,30,0.7666666666666667,149.35076084218235,327.6125241379559
Diagnostics_and_Laboratory_Medicine,10,30,0.3333333333333333,1233.124490790844,2537.786033934979
Economics,25,30,0.8333333333333334,558.2216355347555,1124.287423124013
Electronics,12,30,0.4,7694.461470714054,15420.928276303013
Energy_and_Power,14,30,0.4666666666666667,14220.267717609378,28485.11586945896
Finance,21,30,0.7,2431.047096087128,4893.128866038998
Geography,14,30,0.4666666666666667,1002.6802359465546,2043.496802758018
History,21,30,0.7,2238.4049018422047,4526.032149520986
Literature,24,30,0.8,136.29508078744038,300.11848359301075
Manage,22,30,0.7333333333333333,950.6776871823931,1939.2100987110025
Marketing,24,30,0.8,1298.9753126464784,2633.5405112009903
Materials,14,30,0.4666666666666667,12093.151590865542,24249.735320208973
Math,18,30,0.6,2702.372022972537,5442.324146367027
Mechanical_Engineering,15,30,0.5,9551.646609190038,19163.520101746046
Music,7,30,0.23333333333333334,14034.968452349103,28147.404009025002
Pharmacy,22,30,0.7333333333333333,1716.9707650093005,3467.462494068004
Physics,25,30,0.8333333333333334,1114.2847677453174,2279.667022298985
Psychology,24,30,0.8,302.80506871439866,646.2805525519798
Public_Health,27,30,0.9,1639.464246056441,3364.0828250809936
Sociology,19,30,0.6333333333333333,263.0976887065026,534.911011679993
